"name","price","condition","source"
"Yamaha Keyboard PSR F51 With Adaptor ",85000,"New","Jumia"
"Yamaha Keyboard PSR-F51",80000,"New","Jumia"
"Yamaha Keyboard PSR F51 With Adaptor",80000,"New","Jumia"
"Yamaha Keyboard PSR F51 With Adaptor",80000,"New","Jumia"
"Yamaha PSR E363 With Stand And Free Adapter",175000,"New","Jumia"
"Yamaha PSR E463",2e+05,"New","Jumia"
"Yamaha PSR E363 With Stand And Free Adapter",170000,"New","Jumia"
"Ammoon Piano Keyboard Sustain Damper Pedal For  Yamaha",4687,"New","Jumia"
"Yamaha Keyboard PSR-E463 With Keyboard Stand And Adaptor.",2e+05,"New","Jumia"
"Yamaha PSR - F51 YAMAHA Keyboard Piano With Adaptor And Free Stand",90500,"New","Jumia"
"Yamaha PSR - F51 YAMAHA Keyboard Piano With Adaptor And Free Stand",87000,"New","Jumia"
"Yamaha PSR - F51 YAMAHA Keyboard Piano With Adaptor And Free Stand",90000,"New","Jumia"
"Yamaha Baby Grand Piano",9100000,"New","Jumia"
"Yamaha PSR-E273 Piano With Adaptor.",125000,"New","Jumia"
"Piano Keyboard Sustain Pedal Damper For  Yamaha & More",5516,"New","Jumia"
"Yamaha PSR - F51 YAMAHA Keyboard Piano With Adaptor And Free Stand",85000,"New","Jumia"
"Yamaha PSR - F51 YAMAHA Keyboard Piano With Adaptor And Free Stand",87000,"New","Jumia"
"Yamaha PSR - F51 YAMAHA Keyboard Piano With Adaptor And Free Stand",95000,"New","Jumia"
"Yamaha PSR - F51 YAMAHA Keyboard Piano With Adaptor And Free Stand",89490,"New","Jumia"
"Yamaha PSR - F51 YAMAHA Keyboard Piano With Adaptor And Free Stand",95000,"New","Jumia"
"Yamaha PSR E463 Yamaha Keyboard With Keyboard Stand,Adapter & Bag",208000,"New","Jumia"
"Yamaha PSR-E463 61-KEYS KEYBOARD PIANO WITH ADAPTOR & Stand",205000,"New","Jumia"
"Yamaha PSR-E463 Yamaha Keyboard",193000,"New","Jumia"
"Yamaha Alto Sax",180000,"New","Jumia"
"Yamaha Keyboard PSR-E273 Piano With Adaptor.",125000,"New","Jumia"
"Yamaha PSR E373 Touch-Sensitive Portable Keyboard With Adapter",155000,"New","Jumia"
"Yamaha PSR E463 Keyboard With Keyboard Stand,Adapter & Bag",208000,"New","Jumia"
"Yamaha PSR E463 Yamaha Keyboard With Keyboard Stand,Adapter & Bag",205000,"New","Jumia"
"Yamaha Keyboard PSR-E273 Piano With Adaptor.",115000,"New","Jumia"
"Yamaha PSR E463 Yamaha Keyboard With Keyboard Stand,Adapter & Bag",2e+05,"New","Jumia"
"Yamaha Keyboard PSR-E273 Piano With Adaptor.",110000,"New","Jumia"
"Yamaha PSR E463 Yamaha Keyboard With Keyboard Stand,Adapter & Bag",208000,"New","Jumia"
"Yamaha Mx88 Yamaha Keyboard",630000,"New","Jumia"
"Yamaha PSR-F51 Yamaha Keyboard",80000,"New","Jumia"
"Yamaha PSR-E373 Yamaha Keyboard",155000,"New","Jumia"
"Yamaha DGX660 YAMAHA KEYBOARD",620000,"New","Jumia"
"Yamaha PSR-E273 Yamaha Keyboard",110000,"New","Jumia"
"Yamaha Keyboard PSR-E273 Piano With Adaptor.",119000,"New","Jumia"
"Yamaha PSR-E463 61-KEYS KEYBOARD PIANO WITH ADAPTOR & Stand",205000,"New","Jumia"
"Yamaha PSR E463 Yamaha Keyboard With Keyboard Stand,Adapter & Bag",250000,"New","Jumia"
"Yamaha PSR-E463 Portable Keyboard With Yamaha Power Adapter And Keyboard Stand",205000,"New","Jumia"
"Yamaha PSR-S670 61-Key Arranger Workstation With Adapter",450000,"New","Jumia"
"Yamaha Cherub Keyboard Sustain Pedal - Piano Stlyle",17000,"New","Jumia"
"Ammoon Piano Keyboard Sustain Damper Pedal For  Yamaha",3230,"New","Jumia"
"Yamaha Piano Keyboard Power Adapter 12V 2A Transformer Charger Cable",3999,"New","Jumia"
"Yamaha Cherub Keyboard Sustain Pedal - Piano Stlyle",15000,"New","Jumia"
"Piano Keyboard Sustain Pedal Damper For   Yamaha & More",5159,"New","Jumia"
"Yamaha Cherub Keyboard Sustain Pedal - Piano Stlyle",9500,"New","Jumia"
"Yamaha Piano Keyboard Power Adapter 12V 2A Transformer Charger Cable",5000,"New","Jumia"
"Yamaha Piano Keyboard Power Adapter 12V 2A Transformer Charger Cable ",3150,"New","Jumia"
"Yamaha PSR E363 Touch-Sensitive Portable Keyboard With Adapter",160000,"New","Jumia"
"Yamaha PSR E363 Touch-Sensitive Portable Keyboard With Adapter",160000,"New","Jumia"
"Yamaha Piano Keyboard Power Adapter 12V 2A",4000,"New","Jumia"
"Yamaha Keyboard Piano Stand",9200,"New","Jumia"
"Yamaha Piano Keyboard Power Adapter 12V 2A Transformer Charger Cable",5000,"New","Jumia"
"Yamaha Cherub Keyboard Sustain Pedal - Piano Stlyle",15000,"New","Jumia"
"Yamaha Piano Keyboard Power Adapter 12V 2A Transformer Charger",5500,"New","Jumia"
"Yamaha Piano Keyboard Power Adapter 12V 2A Transformer Charger Cable",5000,"New","Jumia"
"Mosky Piano Keyboard Sustain Pedal Damper For Casio Yamaha & More",10740,"New","Jumia"
"Yamaha Piano Keyboard Power Adapter 12V 2A",6700,"New","Jumia"
"Heavy Duty Keyboard Digital Piano Sustain Pedal For Yamaha Piano",7697,"New","Jumia"
"Yamaha Piano Keyboard Power Adapter 12V 2A Transformer Charger Cable",12000,"New","Jumia"
"Ammoon Piano Keyboard Sustain Damper Pedal For Cas Io Yamaha",11280,"New","Jumia"
"Yamaha High Quality Piano Keyboard Power Adapter 12V 2A",5755,"New","Jumia"
"Heavy Duty Keyboard Digital Piano Sustain Pedal For Yamaha Piano",7678,"New","Jumia"
"Heavy Duty Keyboard Digital Piano Sustain Pedal For Yamaha Piano",7678,"New","Jumia"
"Heavy Duty Keyboard Digital Piano Sustain Pedal For Yamaha Piano",7678,"New","Jumia"
"Piano Keyboard Sustain Pedal Damper For   Yamaha & More",5159,"New","Jumia"
"Keyboard Sustain Pedal Digital Piano Damper Accessory For Yamaha Electronic Pianos",8745,"New","Jumia"
"Yamaha Piano Keyboard Power Adapter 12V 2A",10000,"New","Jumia"
"Heavy Duty Keyboard Digital Piano Sustain Pedal For Yamaha Piano",7678,"New","Jumia"
"Heavy Duty Keyboard Digital Piano Sustain Pedal For Yamaha Piano",7678,"New","Jumia"
"Sustain Piano Pedal Foot Switch Damper For Keyboard Yamaha,,Roland,Korg New # Silver-Silver (silver)",10789,"New","Jumia"
"Heavy Duty Keyboard Digital Piano Sustain Pedal For Yamaha Piano",7678,"New","Jumia"
"Universal Piano Keyboard Sustain Damper Pedal For Casio Yamaha Piano Parts USA",14371,"New","Jumia"
"Yamaha Keyboard PSR S750 - Black",240000,"New","Jumia"
"Yamaha High Quality Piano Keyboard Power Adapter 12V 2A",6500,"New","Jumia"
"Yamaha Keyboard PSR S950 - Black",336000,"New","Jumia"
"Yamaha Keyboard PSR S650 - Black",185000,"New","Jumia"
"Yamaha Piano Keyboard Power Adapter 12V 2A ",5500,"New","Jumia"
"Sustain Piano Pedal Foot Switch Damper For Keyboard Yamaha,,Roland,Korg New # Silver-Silver (silver)",10789,"New","Jumia"
"Sustain Piano Pedal Foot Switch Damper For Keyboard Yamaha,,Roland,Korg New # Gold-Gold (gold)",10789,"New","Jumia"
"Sustain Piano Pedal Foot Switch Damper For Keyboard Yamaha,,Roland,Korg New # Gold-Gold (gold)",10789,"New","Jumia"
"Sustain Piano Pedal Foot Switch Damper For Keyboard Yamaha,,Roland,Korg New # Gold-Gold (gold)",10789,"New","Jumia"
"Heavy Duty Keyboard Digital Piano Sustain Pedal For Yamaha Piano",6852,"New","Jumia"
"Heavy Duty Keyboard Digital Piano Sustain Pedal For Yamaha Piano",7678,"New","Jumia"
"Sustain Piano Pedal Foot Switch Damper For Keyboard Yamaha,,Roland,Korg New # Silver-Silver (silver)",10789,"New","Jumia"
"Sustain Piano Pedal Foot Switch Damper For Keyboard Yamaha,,Roland,Korg New # Gold-Gold (gold)",10789,"New","Jumia"
"Sustain Piano Pedal Foot Switch Damper For Keyboard Yamaha,,Roland,Korg New # Silver-Silver (silver)",10789,"New","Jumia"
"Sustain Piano Pedal Foot Switch Damper For Keyboard Yamaha,,Roland,Korg New # Gold-Gold (gold)",10789,"New","Jumia"
"Pa-150 Yamaha Keyboard Adaptor",6500,"New","Konga"
"Yamaha Keyboard 12v Adapter",2950,"New","Konga"
"Yamaha Piano Keyboard Power Adapter 1...",2800,"New","Konga"
"Yamaha Piano Keyboard Power Adapter 1...",2900,"New","Konga"
"Yamaha Keyboard 12V Adapter",2900,"New","Konga"
"Yamaha Keyboard  Adapter - 12v",2890,"New","Konga"
"Yamaha Power Adapter - PA-300C For Pi...",7000,"New","Konga"
"Yamaha Power Adapter - Pa-300c For Pi...",4390,"New","Konga"
"Yamaha Power Adapter - Pa-300c For Pi...",4400,"New","Konga"
"Yamaha Keyboard Psr - S670",388000,"New","Konga"
"Yamaha Psr-sx600",345000,"New","Konga"
"Keyboard PSR - S670 With Power Pack",388000,"New","Konga"
"Psr E263 Yamaha Piano Keyboard",1e+05,"New","Konga"
"Psr E463 Yamaha Piano Keyboard",205000,"New","Konga"
"Yamaha Psre363 Piano Keyboard",130000,"New","Konga"
"Yamaha Psr-sx700 61-key Mid-level Arr...",620000,"New","Konga"
"Yamaha Psr-sx700 61-key Mid-level Arr...",620000,"New","Konga"
"Yamaha Keyboard Psr F51 With Adaptor....",84500,"New","Konga"
"Yamaha Keyboard With Adaptor - PSR-E3...",140000,"New","Konga"
"Yamaha Keyboard - PSR-F51",72000,"New","Konga"
"Keyboard Sustain Pedal - Wtb-004",7500,"New","Konga"
"Yamaha Montage 8 - 88 Keys Synthesize...",3379000,"New","Konga"
"Yamaha Montage 8 - 88 Keys Synthesize...",2400000,"New","Konga"
"Cherub Big Keyboard Sustain Pedal",7200,"New","Konga"
"Yamaha Sustain Pedal For Electrical A...",20000,"New","Konga"
"Yamaha DGX-660 Yamaha Piano",440000,"New","Konga"
"Yamaha Touch-sensitive Portable Keybo...",237900,"New","Konga"
"Yamaha Portable PSR-E273 Keyboard Wit...",145000,"New","Konga"
"Yamaha Piano Keyboard Power Adapter 1...",3000,"New","Konga"
"Yamaha Digital Keyboard With Stand, A...",565000,"New","Konga"
"Yamaha Psr-sx700 Digital Keyboard Wit...",650000,"New","Konga"
"Yamaha Piano Keyboard Power Adapter 1...",2785,"New","Konga"
"Yamaha Psr-sx700 Digital Keyboard Wit...",619000,"New","Konga"
"Yamaha Keyboard With Adaptor - PSR-E2...",92000,"New","Konga"
" A&S Keyboard Sustain Pedal",7500,"New","Konga"
"Keyboard Sustain Pedal - Piano Style",7200,"New","Konga"
"Cherub Keyboard Sustain Pedal - Piano...",7400,"New","Konga"
"Yamaha Cherub Keyboard Sustain Pedal ...",7199,"New","Konga"
"Keyboard Sustain Pedal Small Size",4700,"New","Konga"
"Keyboard Sustain Pedal",7200,"New","Konga"
"Keyboard Sustain Pedal",10000,"New","Konga"
"Sustain Pedal For Electrical And Port...",9000,"New","Konga"
"Cherub Keyboard Sustain Pedal - Piano...",9900,"New","Konga"
"Yamaha Cherub Keyboard Sustain Pedal ...",7200,"New","Konga"
"Yamaha Cherub Keyboard Sustain Pedal ...",15000,"New","Konga"
"Yamaha Psr E263  Piano Keyboard With ...",120000,"New","Konga"
"Yamaha Keyboard Sustain Pedal",7500,"New","Konga"
"Keyboard - PSR E253",90000,"New","Konga"
"Sustain Pedal - Switch Style",4675,"New","Konga"
"Sustain Pedal - Switch Stlyle",4750,"New","Konga"
"Sustain Pedal - Switch Stlyle",5000,"New","Konga"
"Sustain Pedal - Switch Style",4690,"New","Konga"
"Yamaha Sustain Pedal",5000,"New","Konga"
"Yamaha Psr-sx900 Keyboard With Stand ...",795000,"New","Konga"
"Yamaha Psr-sx900 Keyboard With Stand ...",8e+05,"New","Konga"
"Yamaha Sx-900 Keyboard With Stand",690000,"New","Konga"
"Yamaha Psr-e273 Piano With Adaptor",149000,"New","Konga"
"Yamaha Keyboard - Psr-sx700 With Adap...",549500,"New","Konga"
"Yamaha Keyboard - Psr-sx700",640000,"New","Konga"
"Yamaha Keyboard - PSR-SX700 ",570000,"New","Konga"
"Yamaha PSR-E373 Touch-Sensitive Porta...",2e+05,"New","Konga"
"Yamaha 61-keys Portable Keyboard - Ps...",265000,"New","Konga"
"Yamaha 61-keys Portable Keyboard - Ps...",293000,"New","Konga"
"Yamaha 61-keys Portable Keyboard - Ps...",364000,"New","Konga"
"Yamaha PSR-E453 - Portable Keyboard w...",180000,"New","Konga"
"Yamaha Keyboard - Psr-e453",363000,"New","Konga"
"Piano Keyboard Stand",8000,"New","Konga"
"Keyboard Stand",8000,"New","Konga"
"A&S Keyboard - Piano  Single Carrier ...",12000,"New","Konga"
"Keyboard Stand",8500,"New","Konga"
"Piano Keyboard Stand",8200,"New","Konga"
"Adjustable Keyboard Stand",8000,"New","Konga"
"Keyboard Stand",15000,"New","Konga"
"Adjustable Keyboard Stand",11500,"New","Konga"
"Adjustable Keyboard Stand",11500,"New","Konga"
"Tripod Microphone Stand",5500,"New","Konga"
"Single Carrier Keyboard Stand",9000,"New","Konga"
"Psr-e463 61-key Portable Keyboard",220000,"New","Konga"
"Yamaha Keyboard Piano Stand",9000,"New","Konga"
"Yamaha Keyboard Psr-sx600 With Adapto...",599980,"New","Konga"
"Yamaha Keyboard Psrxs700",7e+05,"New","Konga"
"Yamaha Keyboard - PSR-SX900",820000,"New","Konga"
"Yamaha Keyboard - PSR-SX600",350000,"New","Konga"
"Yamaha Keyboard - PSR-E373",170000,"New","Konga"
"Yamaha Keyboard - Psr-f51",92000,"New","Konga"
"Yamaha Keyboard With Power Pack - Psr...",450000,"New","Konga"
"Yamaha Keyboard Psr-sx600 With Adapto...",430000,"New","Konga"
"Yamaha Keyboard Adaptor - Pa 150",5700,"New","Konga"
"Yamaha Keyboard Power Adaptor PA - 13...",5000,"New","Konga"
"Yamaha Keyboard Power Adaptor PA - 15...",5000,"New","Konga"
"Yamaha Keyboard Adaptor - PA 150",5000,"New","Konga"
"Yamaha HS7 Powered Studio Monitor",295450,"New","Konga"
"Yamaha Portable Keyboard With Stand P...",240000,"New","Konga"
"Original Yamaha 5 Drum Set",2e+05,"New","Konga"
"Yamaha Psr-e273 Keyboard With Adapter...",92000,"New","Konga"
"Yamaha Psr E463   Keyboard  With Stan...",220000,"New","Konga"
"Yamaha Psr E463 Keyboard With Adaptor...",190000,"New","Konga"
"Yamaha E463 Piano Keyboard",220000,"New","Konga"
"Yamaha PSR - F51 Keyboard Piano With ...",85000,"New","Konga"
"Yamaha PSR - F51 Keyboard Piano With ...",93000,"New","Konga"
" Yamaha Psr 174 Keyboard ",50000," Used ","jiji"
" Yamaha Psr E 273 ",110000,"New","jiji"
" Yamaha Psr E203 ",26000," Used ","jiji"
" Yamaha Psr 280 Keyboard ",60000," Used ","jiji"
" Yamaha Psr 260 Keyboard ",60000," Used ","jiji"
" Yamaha Psr 353 Keyboard ",70000,"New","jiji"
" Yamaha Psr F51 ",70000,"New","jiji"
" Yamaha Psr E353 Keyboard ",75000,"New","jiji"
" Yamaha Psr E453 ",140000," Used ","jiji"
" Original Yamaha Psr E343 ",75000," Used ","jiji"
" Yamaha Psr 670 ",450000,"New","jiji"
" Neatly Used Yamaha PSR-520 ",50000," Used ","jiji"
" Yamaha Psr 550 ",165000," Used ","jiji"
" Yamaha Psr E463 ",155000,"New","jiji"
" Yamaha Psr E343 and E353 Keyboard ",70000," Used ","jiji"
" Yamaha Psr 150 ",65000," Used ","jiji"
" Yamaha PSR-295 ",70000," Used ","jiji"
" Yamaha Psr 1500 ",230000," Used ","jiji"
" Yamaha PSR-E233 Portable Keyboard ",60000," Used ","jiji"
" Yamaha PSR-S670 ",450000,"New","jiji"
" Yamaha Psr -210 ",55000," Used ","jiji"
" Yamaha PSR 550 ",150000," Used ","jiji"
" Yamaha Psr 540 ",2e+05," Used ","jiji"
" Yamaha Psr 340 ",70000," Used ","jiji"
" Yamaha PSR-S975 ",650000,"New","jiji"
" Yamaha PSR-S 670 Piano ",235000,"New","jiji"
" Yamaha Psr E433 ",155000," Used ","jiji"
" Yamaha Psr Sx700 ",580000,"New","jiji"
" Yamaha Psr 620 ",155000," Used ","jiji"
" Yamaha Psr S975 ",610000,"New","jiji"
" Yamaha PSR-E463 ",250000,"New","jiji"
" Yamaha PSR S975 Keyboard ",410000,"New","jiji"
" Yamaha Psr S670 ",4e+05,"New","jiji"
" Yamaha Psr E670 ",390000,"New","jiji"
" Yamaha PSR S775 Keyboard ",330000,"New","jiji"
" Yamaha PSR-SX600 ",350000,"New","jiji"
" Yamaha Psr S950 ",420000," Used ","jiji"
" Yamaha PSR 240 ",55000," Used ","jiji"
" Yamaha Psr S700 ",250000," Used ","jiji"
" Yamaha Psr 650 ",120000,"New","jiji"
" Yamaha Psr Sx700 ",565000,"New","jiji"
" Yamaha Psr E423 ",135000," Used ","jiji"
" Yamaha PSR -320 ",75000," Used ","jiji"
" Yamaha Psr-e273 ",80000,"New","jiji"
" Yamaha Psr 210 Keyboard ",55000," Used ","jiji"
" Yamaha Psr Sx900 ",680000,"New","jiji"
" Yamaha Psr Sx900 ",680000,"New","jiji"
" Yamaha Psr S910 ",320000," Used ","jiji"
" Yamaha Keyboard Psr E263 ",120000,"New","jiji"
" Yamaha Psr E463 ",175000,"New","jiji"
" Yamaha Keyboard PSR I500 ",220000,"New","jiji"
" Yamaha Psr 423 Keyboard ",80000," Used ","jiji"
" Yamaha Keyboard PSR E 273 ",120000,"New","jiji"
" Yamaha Psr S670 ",250000," Used ","jiji"
" Yamaha Psr S650 ",170000," Used ","jiji"
" Yamaha Psr E263 ",89000,"New","jiji"
" Yamaha Piano PSR-E463 ",172000,"New","jiji"
" Yamaha PSR S 950 ",6e+05," Used ","jiji"
" PSR-SX 700 Yamaha Keyboard ",560000,"New","jiji"
" Yamaha PSR SX 900 ",750000,"New","jiji"
" Yamaha PSR-SX700 Keyboard ",570000,"New","jiji"
" Yamaha Psr E363 Keyboard ",145000,"New","jiji"
" Yamaha Psr-S670 Piano ",360000,"New","jiji"
" Yamaha Psr-9000 Pro ",550000," Used ","jiji"
" Yamaha Psr E263 Keyboard ",65000,"New","jiji"
" Yamaha Psr S670 ",350000,"New","jiji"
" Yamaha Psr-E463 ",175000,"New","jiji"
" Original Psr - E373 Yamaha Keyboard ",155000,"New","jiji"
" Yamaha Psr 550 With Adapter ",230000,"New","jiji"
" Yamaha Psr 550 ",140000," Used ","jiji"
" Yamaha Psr 175 Keyboard ",50000," Used ","jiji"
" Yamaha Psr S 710 ",2e+05," Used ","jiji"
" Yamaha Keyboard Psr-F51 ",1e+05,"New","jiji"
" Yamaha Psr 740 ",160000," Used ","jiji"
" Yamaha Keyboard, Model PSR SX 700 ",560000,"New","jiji"
" Yamaha Psr 195 Midi Keyboard ",90000," Used ","jiji"
" Yamaha PSR E273 With Adopter ",97000,"New","jiji"
" Yamaha Psr-S 670 ",385000,"New","jiji"
" Yamaha Psr S700 Keyboard ",220000," Used ","jiji"
" Yamaha Psr E323 Keyboard ",60000," Used ","jiji"
" Yamaha Psr 975 Keyboard ",460000,"New","jiji"
" Yamaha Psr 373 ",155000,"New","jiji"
" Yamaha Psr-e273keyboard With Adapter ",88000,"New","jiji"
" Yamaha PSR 170 Stand ",60000," Used ","jiji"
" Yamaha Psr.E263 Keyboard Original ",90000,"New","jiji"
" Yamaha Psr Sx900 ",7e+05,"New","jiji"
" Yamaha Psr 450 ",140000," Used ","jiji"
" Yamaha Psr SX900 Professional Keyboard ",8e+05,"New","jiji"
" London Use Yamaha PSR 300 ",50000," Used ","jiji"
" Yamaha Psr 600 ",385000,"New","jiji"
" Yamaha Psr E203 ",65000," Used ","jiji"
" Original YAMAHA PSR-SX700 Keyboard ",560000,"New","jiji"
" Original YAMAHA PSR-EW410 Keyboard ",190000,"New","jiji"
" Yamaha Keyboard PSR 240 ",75000," Used ","jiji"
" Yamaha PSR E 463 Keyboard ",190000,"New","jiji"
" Yamaha Keyboard Psr670 ",245000,"New","jiji"
" Yamaha PSR 463 ",170000,"New","jiji"
" Uk Used Yamaha Psr E423 ",145000," Used ","jiji"
" Yamaha Psr S550 ",150000," Used ","jiji"
" Yamaha Psr 340 ",130000," Used ","jiji"
" Yamaha PSR-S970 – Digital and Arranger Workstations ",649000,"New","jiji"
" Yamaha Psr S775 ",355000," Used ","jiji"
" YAMAHA Psr 463 Keyboard ",190000,"New","jiji"
" Yamaha Psr E463 ",205000,"New","jiji"
" Yamaha PSR 363 Keyboard ",90000," Used ","jiji"
" Yamaha Psr SX700 Keyboard ",555000,"New","jiji"
" Yamaha PSR-E273 Piano With Adaptor. ",115000,"New","jiji"
" Yamaha Psr S670 ",240000," Used ","jiji"
" Yamaha Psr E453 ",195000,"New","jiji"
" Yamaha Psr S650 (Screen Not Clear) ",150000," Used ","jiji"
" Yamaha Psr-F51 ",90000,"New","jiji"
" Yamaha PSR-SX600 ",370000,"New","jiji"
" Yamaha Psr EW-410 Keyboard ",210000,"New","jiji"
" Yamaha Psr E463 ",195000,"New","jiji"
" Yamaha Psr-E273 61 Keys Keyboard ",75000,"New","jiji"
" Yamaha Psr E453 ",180000,"New","jiji"
" Yamaha PSR E363 Keyboard ",70000,"New","jiji"
" Yamaha PSR-F51 ",65000,"New","jiji"
" U.K Used Yamaha Psr E403 ",140000," Used ","jiji"
" Yamaha Psr S-770 ",550000,"New","jiji"
